-,APL.DE.AP
-,Adolf Hitler
-,Alaina Huffman
-,Alan Rickman
-,Albert Einstein
-,Alfonso Cuaron
-,Alfred Enoch
-,Amy Winehouse
-,Andrew Fletcher
-,Angela Barnes
-,Angela Bassett
-,Angelina Jolie
-,Anna Wintour
-,Anthony Mackie
-,Ariana Grande
-,Arthur Compton
-,Atticus Ross
-,Auguste Piccard
-,Avril Lavigne
-,Axl Rose
-,B.B. King
-,Barack Obama
-,Barbra Streisand
-,Bebe Rexha
-,Benedict Cumberbatch
-,Benedict Wong
-,Benito Mussolini
-,Bill Wyman
-,Billie Eilish
-,Billy Dee Williams
-,Billy Joel
-,Bjork
-,Bo Diddley
-,Bob Dylan
-,Bob Peck
-,Bobby Singer
-,Bonnie Raitt
-,Bonnie Wright
-,Brian Cox
-,Brian Jones
-,Brie Larson
-,Britney Spears
-,Bruce Springsteen
-,Bruno Mars
-,Buster Keaton
-,Buzz Aldrin
-,C.T.R. Wilson
-,Camila Cabello
-,Carey Mulligan
-,Carl Perkins
-,Carrie Fisher
-,Chadwick Boseman
-,Charles De Gaulle
-,Charles Eugene Guye
-,Charlie Chaplin
-,Charlie Watts
-,Cher
-,Chris Columbus
-,Chris Evans
-,Chris Hemsworth
-,Chris Hillman
-,Chris Pratt
-,Christopher Tolkien
-,Chuck Berry
-,Chuni Lal Katial
-,Cilla Black
-,Cinque Lee
-,Cleotha Staples
-,Cliff Burton
-,Cobie Smulders
-,Cybill Shepherd
-,Cyndi Lauper
-,Danai Gurira
-,Daniel Ash
-,Daniel Radcliffe
-,Dara O'Brien
-,Daron Malakian
-,Daryl Hall
-,Dave Bautista
-,Dave Filoni
-,Dave Gahan
-,David Attenborough
-,David Beckham
-,David Bowie
-,David Byrne
-,David Crosby
-,David Gilmour
-,David Heyman
-,David J
-,David Prowse
-,David Tennant
-,David Thewlis
-,Deb O'Nair
-,Demi Lovato
-,Dennis Quaid
-,Denzel Washington
-,Diddy
-,Dimebag Darrell
-,Dion
-,Don Bies
-,Don Cheadle
-,Donald Glover
-,Donald Trump
-,Donovan
-,Dr. Brian Cox
-,Duff McKagan
-,Duke Ellington
-,Dwight D. Eisenhower
-,Ed Gamble
-,Ed Sheeran
-,Eddie Redmayne
-,Edith Tolkien
-,Edouard Herzen
-,Elan Portnoy
-,Elizabeth Honeywell
-,Elizabeth Olsen
-,Elizabeth Taylor
-,Ella Fitzgerald
-,Ellie Goulding
-,Elton John
-,Elvis Presley
-,Emile Henriot
-,Emily VanCamp
-,Emma Bunton
-,Emma Watson
-,Enrique Iglesias
-,Eric Clapton
-,Erwin Schrodinger
-,Evangeline Lilly
-,Evanna Lynch
-,Ewan McGregor
-,Felicia Day
-,Fergie
-,Fiona Apple
-,Francis Ford Coppola
-,Frank Grillo
-,Frank Iero
-,Frank Sinatra
-,Franklin D. Roosevelt
-,Gary Oldman
-,Gene Clark
-,Gene Kelly
-,Geoff Swettenham
-,George Alexander
-,George Harrison
-,George Lucas
-,Gerard Way
-,Geri Halliwell
-,Gwyneth Paltrow
-,Halle Berry
-,Hannah John-Kamen
-,Harrison Ford
-,Harry Styles
-,Hayden Christensen
-,Hayley Atwell
-,Hayley Williams
-,Heidi Range
-,Helena Bonham Carter
-,Hellen Mirren
-,Hendrik Anthony Kramers
-,Hendrik Lorentz
-,Hozier
-,Hozier
-,Hugh Dennis
-,Hugh Jackman
-,Ian McDiarmid
-,Iggy Azalea
-,Iggy Pop
-,Ira Elliot
-,Irving Langmuir
-,Ivana Trump
-,Izzy Stradlin
-,J.E. Verschaffelt
-,J.K. Rowling
-,J.R.R. Tolkien
-,Jackie Wilson
-,Jake Gyllenhaal
-,Jake Lloyd
-,James Acaster
-,James Brown
-,James Hetfield
-,James Phelps
-,Jamie Foxx
-,Jared Padalecki
-,Jay Z
-,Jayne Mansfield
-,Jeff Beck
-,Jeff Goldblum
-,Jeffrey Epstein
-,Jennifer Beals
-,Jennifer Lopez
-,Jeremy Renner
-,Jerry Lee Lewis
-,Jerry Seinfeld
-,Jim Beaver
-,Jim Carrey
-,Jim McGuinn
-,Jimmy Durante
-,Jimmy Page
-,Joan Baez
-,Joan Collins
-,Joan Jett
-,Joe Strummer
-,John B. Connally
-,John Bonham
-,John Dolmayan
-,John Lennon
-,John Oates
-,John Paul Jones
-,John Perry
-,John Tolkien
-,Johnny Cash
-,Johnny Kelly
-,Jon Bon Jovi
-,Jon Favreau
-,Joni Mitchell
-,Joseph Stalin
-,Josh Silver
-,Judi Dench
-,Julien Baker
-,Justin Beiber
-,Kanye
-,Karen Gillan
-,Kate Moss
-,Kate Winslet
-,Katie Couric
-,Katie Leung
-,Katie Riddoch
-,Katy Perry
-,Keisha Buchanan
-,Keith Richards
-,Kenny Baker
-,Kenny Hickey
-,Kesha
-,Kevin Haskins
-,Kirk Douglas
-,Kirk Hammett
-,Kit Harrington
-,Kris Kristofferson
-,Kurt Russell
-,Lady Gaga
-,Lana Del Rey
-,Lars Ulrich
-,Laura Dern
-,Laurence Fishburne
-,Leon Brillouin
-,Leonard Cohen
-,Letitia Wright
-,Liam Neeson
-,Liam Payne
-,Linda Cardellini
-,Lionel Richie
-,Lisa Riddoch
-,Lou Reed
-,Louis Armstrong
-,Louis Tomlinson
-,Louis de Broglie
-,Lucy Dacus
-,Machine Gun Kelly
-,Madonna
-,Maggie Smith
-,Mahatma Gandhi
-,Malcolm X
-,Mariah Carey
-,Marie Curie
-,Marilyn Manson
-,Marilyn Monroe
-,Mark Hamill
-,Mark Pellegrino
-,Mark Ronson
-,Mark Ruffalo
-,Martin Ferrero
-,Martin Gore
-,Martin Knudsen
-,Martin Luther King Jr.
-,Matthew Lewis
-,Matthew Riddoch
-,Mavis Staples
-,Max Born
-,Max Planck
-,Megan Fox
-,Mel B
-,Melania Trump
-,Melanie C
-,Meryl Streep
-,Michael Clarke
-,Michael Collins
-,Michael D. Higgins
-,Michael Douglas
-,Michael Jackson
-,Michael Jay
-,Michael Pena
-,Michael Rooker
-,Michael Sheen
-,Michael Tolkien
-,Michelle Obama
-,Michelle Pfeiffer
-,Mick Jagger
-,Mike Tyson
-,Mikey Way
-,Mila Kunis
-,Miley Cyrus
-,Milt Jackson
-,Milton Jones
-,Muhammad Ali
-,Mutya Buena
-,Nancy Sinatra
-,Naomi Campbell
-,Natalie Portman
-,Natasha Richardson
-,Neil Armstrong
-,Neil Young
-,Nellie Connally
-,Neville Chamberlain
-,Niall Horan
-,Nicolas Cage
-,Niels Bohr
-,Oliver Phelps
-,Olly Murs
-,Owen Richardson
-,P.J. Harvey
-,PJ Harvey
-,Patti Smith
-,Paul Bettany
-,Paul Dirac
-,Paul Ehrenfest
-,Paul Langevin
-,Paul McCartney
-,Paul Rudd
-,Paul Simon
-,Pervis Staples
-,Pete Swettenham
-,Peter Debye
-,Peter Mayhew
-,Peter Murphy
-,Peter Steele
-,Pharrell Williams
-,Phil Anselmo
-,Philippe Petain
-,Phoebe Bridgers
-,Pierce Brosnan
-,Pitbull
-,Pom Klementieff
-,Pope John Paul II
-,Pops Staples
-,Prince Phillip
-,Princess Diana
-,Priscilla Tolkien
-,Queen Elizabeth II
-,Ralph Fowler
-,Randy Newman
-,Raquel Welch
-,Ray Charles
-,Ray Toro
-,Renee Zellweger
-,Rex Brown
-,Richard Attenborough
-,Richard Nixon
-,Ringo Starr
-,Robbie Coltrane
-,Robert Downey Jr.
-,Robert J. Oppenheimer
-,Robert Plant
-,Robert Trujillo
-,Ron Howard
-,Ron Wood
-,Rose Leslie
-,Ruben Blades
-,Rudi Protrudi
-,Rupert Grint
-,Sally Field
-,Sam Neill
-,Samuel L. Jackson
-,Scarlett Johansson
-,Screamin Jay Hawkins
-,Sean Gunn
-,Sebastian Stan
-,Selena Gomez
-,Serj Tankian
-,Shakira
-,Sharon Osbourne
-,Shavo Odadjian
-,Siobhan Donaghy
-,Slash
-,Sonny Bono
-,Steve Adler
-,Steve Buscemi
-,Steve Winwood
-,Steven Spielberg
-,Taboo
-,Taylor Swift
-,Taylor York
-,Tessa Thompson
-,Tez Ilyas
-,Thandiwe Newton
-,Thelma Todd
-,Theo Travis
-,Theophile de Donder
-,Tina Turner
-,Tom Hiddleston
-,Tom Holland
-,Tom Petty
-,Tom Waits
-,Trent Reznor
-,Twiggy
-,Ty Simpkins
-,Uma Thurman
-,Usher
-,Val Kilmer
-,Victoria Beckham
-,Vin Diesel
-,Vinnie Paul
-,Waylon Jennings
-,Werner Heisenberg
-,Will Smith
-,Will.i.am
-,Willem Dafoe
-,William Hurt
-,William Laurence Bragg
-,Willie Nelson
-,Winston Churchill
-,Wolfgang Pauli
-,Yoko Ono
-,Zac Farro
-,Zayn Malik
-,Zoe Saldana
